Ï∏°Ï†ï?úÍ∞Å,?¥Î? ?®ÎèÑ 1 ?âÍ∑†,?¥Î? ?®ÎèÑ 1 ÏµúÍ≥†,?¥Î? ?®ÎèÑ 1 ÏµúÏ?,?¥Î? ?®ÎèÑ 2 ?âÍ∑†,?¥Î? ?®ÎèÑ 2 ÏµúÍ≥†,?¥Î? ?®ÎèÑ 2 ÏµúÏ?,?¥Î? ?®ÎèÑ 3 ?âÍ∑†,?¥Î? ?®ÎèÑ 3 ÏµúÍ≥†,?¥Î? ?®ÎèÑ 3 ÏµúÏ?,?¥Î? ?®ÎèÑ 4 ?âÍ∑†,?¥Î? ?®ÎèÑ 4 ÏµúÍ≥†,?¥Î? ?®ÎèÑ 4 ÏµúÏ?,?¥Î? ?µÎèÑ 1 ?âÍ∑†,?¥Î? ?µÎèÑ 1 ÏµúÍ≥†,?¥Î? ?µÎèÑ 1 ÏµúÏ?,?¥Î? ?µÎèÑ 2 ?âÍ∑†,?¥Î? ?µÎèÑ 2 ÏµúÍ≥†,?¥Î? ?µÎèÑ 2 ÏµúÏ?,?¥Î? ?µÎèÑ 3 ?âÍ∑†,?¥Î? ?µÎèÑ 3 ÏµúÍ≥†,?¥Î? ?µÎèÑ 3 ÏµúÏ?,?¥Î? ?µÎèÑ 4 ?âÍ∑†,?¥Î? ?µÎèÑ 4 ÏµúÍ≥†,?¥Î? ?µÎèÑ 4 ÏµúÏ?,?¥Î? ?¥Ïä¨???âÍ∑†,?¥Î? ?¥Ïä¨??ÏµúÍ≥†,?¥Î? ?¥Ïä¨??ÏµúÏ?,?¥Î? CO2 ?âÍ∑†,?¥Î? CO2 ÏµúÍ≥†,?¥Î? CO2 ÏµúÏ?,?∏Î? ?çÏÜç ?âÍ∑†,?∏Î? ?çÏÜç ÏµúÍ≥†,?∏Î? ?çÏÜç ÏµúÏ?,?¥Î? EC 1 ?âÍ∑†,?¥Î? EC 1 ÏµúÍ≥†,?¥Î? EC 1 ÏµúÏ?,?¥Î? PH 1 ?âÍ∑†,?¥Î? PH 1 ÏµúÍ≥†,?¥Î? PH 1 ÏµúÏ?,Î∞∞Ï? Ï§ëÎüâ ?âÍ∑†,Î∞∞Ï? Ï§ëÎüâ ÏµúÍ≥†,Î∞∞Ï? Ï§ëÎüâ ÏµúÏ?,?ëÏï° ?®ÎèÑ ?âÍ∑†,?ëÏï° ?®ÎèÑ ÏµúÍ≥†,?ëÏï° ?®ÎèÑ ÏµúÏ?,?∏Î? ?çÌñ• ?òÏπò,?∏Î? ?çÌñ•,?∏Î? ÎπóÎ¨º ?úÍ∞Ñ,?∏Î? ?ÑÏ†Å?ºÏÇ¨ ?âÍ∑†,?ëÏï° Í∏âÏï° ?ÑÏ†Å,?ëÏï° Î∞∞Ïï° ?ÑÏ†Å
2021-07-14 10:10,31.7,32,31.3,-,-,-,-,-,-,-,-,-,77.7,79,76.5,-,-,-,-,-,-,-,-,-,27.5,27.9,26.5,-,-,-,-,-,-,-,-,-,-,-,-,-,-,-,-,-,-,-,-,-,302.6,-,-
2021-07-14 10:00,31.2,31.3,30.9,-,-,-,-,-,-,-,-,-,77.9,80.4,77,-,-,-,-,-,-,-,-,-,26.7,27.1,26.5,-,-,-,-,-,-,-,-,-,-,-,-,-,-,-,-,-,-,-,-,-,260.8,-,-
2021-07-14 9:50,31.4,31.4,31.4,-,-,-,-,-,-,-,-,-,79.1,79.3,78.8,-,-,-,-,-,-,-,-,-,26.9,26.9,26.9,-,-,-,-,-,-,-,-,-,-,-,-,-,-,-,-,-,-,-,-,-,196.3,-,-
2021-07-14 9:40,31.3,31.4,31.1,-,-,-,-,-,-,-,-,-,78.5,79.3,77.8,-,-,-,-,-,-,-,-,-,26.8,26.9,26.7,-,-,-,-,-,-,-,-,-,-,-,-,-,-,-,-,-,-,-,-,-,333.5,-,-
2021-07-14 9:30,30.7,31,30.5,-,-,-,-,-,-,-,-,-,79.9,82.7,76.2,-,-,-,-,-,-,-,-,-,27.1,27.6,26.3,-,-,-,-,-,-,-,-,-,-,-,-,-,-,-,-,-,-,-,-,-,663.5,-,-
2021-07-14 9:20,30.6,30.6,30.5,-,-,-,-,-,-,-,-,-,79.8,82.3,78.9,-,-,-,-,-,-,-,-,-,27.1,27.6,26.9,-,-,-,-,-,-,-,-,-,-,-,-,-,-,-,-,-,-,-,-,-,182.9,-,-
2021-07-14 9:10,30.6,30.6,30.5,-,-,-,-,-,-,-,-,-,80.6,81.1,80.1,-,-,-,-,-,-,-,-,-,27.2,27.3,26.4,-,-,-,-,-,-,-,-,-,-,-,-,-,-,-,-,-,-,-,-,-,267.4,-,-
2021-07-14 9:00,30.3,30.4,30.2,-,-,-,-,-,-,-,-,-,81.9,82.8,80.6,-,-,-,-,-,-,-,-,-,26.6,26.8,26.4,-,-,-,-,-,-,-,-,-,-,-,-,-,-,-,-,-,-,-,-,-,388.8,-,-
2021-07-14 8:50,30.1,30.2,30,-,-,-,-,-,-,-,-,-,82.1,82.7,81.1,-,-,-,-,-,-,-,-,-,26.7,26.8,26.4,-,-,-,-,-,-,-,-,-,-,-,-,-,-,-,-,-,-,-,-,-,246.8,-,-
2021-07-14 8:40,29.9,30,29.9,-,-,-,-,-,-,-,-,-,81.6,82.5,80.3,-,-,-,-,-,-,-,-,-,26.5,26.8,26.2,-,-,-,-,-,-,-,-,-,-,-,-,-,-,-,-,-,-,-,-,-,231.5,-,-
2021-07-14 8:30,29.8,30,29.7,-,-,-,-,-,-,-,-,-,84.2,85.7,82.5,-,-,-,-,-,-,-,-,-,27,27.4,26.8,-,-,-,-,-,-,-,-,-,-,-,-,-,-,-,-,-,-,-,-,-,492,-,-
2021-07-14 8:20,29.5,29.6,29.4,-,-,-,-,-,-,-,-,-,85.3,85.8,84.6,-,-,-,-,-,-,-,-,-,26.8,27.4,26.2,-,-,-,-,-,-,-,-,-,-,-,-,-,-,-,-,-,-,-,-,-,376.9,-,-
2021-07-14 8:10,29.2,29.3,29,-,-,-,-,-,-,-,-,-,85.9,86.7,83.9,-,-,-,-,-,-,-,-,-,26.4,26.6,26,-,-,-,-,-,-,-,-,-,-,-,-,-,-,-,-,-,-,-,-,-,357.4,-,-
2021-07-14 8:00,28.8,29,28.7,-,-,-,-,-,-,-,-,-,87.8,89.5,86.6,-,-,-,-,-,-,-,-,-,26.8,27.2,26.6,-,-,-,-,-,-,-,-,-,-,-,-,-,-,-,-,-,-,-,-,-,371.7,-,-
2021-07-14 7:50,28.3,28.6,28.1,-,-,-,-,-,-,-,-,-,88.9,89.7,87.9,-,-,-,-,-,-,-,-,-,26.3,27,25.8,-,-,-,-,-,-,-,-,-,-,-,-,-,-,-,-,-,-,-,-,-,468.7,-,-
2021-07-14 7:40,27.9,28.1,27.6,-,-,-,-,-,-,-,-,-,91.1,91.4,90.8,-,-,-,-,-,-,-,-,-,26.4,26.4,26.4,-,-,-,-,-,-,-,-,-,-,-,-,-,-,-,-,-,-,-,-,-,425,-,-
2021-07-14 7:30,27.4,27.6,27.2,-,-,-,-,-,-,-,-,-,92.6,93.8,91.2,-,-,-,-,-,-,-,-,-,26.1,26.6,25.8,-,-,-,-,-,-,-,-,-,-,-,-,-,-,-,-,-,-,-,-,-,373.8,-,-
2021-07-14 7:20,27,27.1,26.8,-,-,-,-,-,-,-,-,-,94.1,94.8,93.4,-,-,-,-,-,-,-,-,-,26,26.1,25.8,-,-,-,-,-,-,-,-,-,-,-,-,-,-,-,-,-,-,-,-,-,337.6,-,-
2021-07-14 7:10,26.5,26.7,26.3,-,-,-,-,-,-,-,-,-,95.2,95.8,94.8,-,-,-,-,-,-,-,-,-,25.8,26.1,25.3,-,-,-,-,-,-,-,-,-,-,-,-,-,-,-,-,-,-,-,-,-,306.4,-,-
2021-07-14 7:00,26.1,26.3,25.9,-,-,-,-,-,-,-,-,-,96.2,96.6,95.9,-,-,-,-,-,-,-,-,-,25.3,25.5,25.3,-,-,-,-,-,-,-,-,-,-,-,-,-,-,-,-,-,-,-,-,-,275.2,-,-
2021-07-14 6:50,25.7,25.8,25.5,-,-,-,-,-,-,-,-,-,97.3,97.9,96.6,-,-,-,-,-,-,-,-,-,25.6,25.7,25.5,-,-,-,-,-,-,-,-,-,-,-,-,-,-,-,-,-,-,-,-,-,244.5,-,-
2021-07-14 6:40,25.3,25.5,25.2,-,-,-,-,-,-,-,-,-,98.4,98.7,98,-,-,-,-,-,-,-,-,-,25,25.7,24.7,-,-,-,-,-,-,-,-,-,-,-,-,-,-,-,-,-,-,-,-,-,197.9,-,-
2021-07-14 6:30,25,25.1,24.9,-,-,-,-,-,-,-,-,-,99,99.1,98.8,-,-,-,-,-,-,-,-,-,24.8,24.8,24.8,-,-,-,-,-,-,-,-,-,-,-,-,-,-,-,-,-,-,-,-,-,70.1,-,-
2021-07-14 6:20,24.8,24.9,24.7,-,-,-,-,-,-,-,-,-,99.4,99.7,99.1,-,-,-,-,-,-,-,-,-,24.9,25,24.8,-,-,-,-,-,-,-,-,-,-,-,-,-,-,-,-,-,-,-,-,-,42.2,-,-
2021-07-14 6:10,24.6,24.7,24.5,-,-,-,-,-,-,-,-,-,99.5,99.7,99.2,-,-,-,-,-,-,-,-,-,24.9,25,24.8,-,-,-,-,-,-,-,-,-,-,-,-,-,-,-,-,-,-,-,-,-,33.4,-,-
2021-07-14 6:00,24.5,24.5,24.4,-,-,-,-,-,-,-,-,-,99.2,99.3,99.2,-,-,-,-,-,-,-,-,-,24.4,24.8,23.8,-,-,-,-,-,-,-,-,-,-,-,-,-,-,-,-,-,-,-,-,-,28.8,-,-
2021-07-14 5:50,24.4,24.4,24.3,-,-,-,-,-,-,-,-,-,99.2,99.3,99.1,-,-,-,-,-,-,-,-,-,23.8,23.8,23.8,-,-,-,-,-,-,-,-,-,-,-,-,-,-,-,-,-,-,-,-,-,25.3,-,-
2021-07-14 5:40,24.3,24.3,24.3,-,-,-,-,-,-,-,-,-,99.1,99.2,99,-,-,-,-,-,-,-,-,-,23.8,23.8,23.8,-,-,-,-,-,-,-,-,-,-,-,-,-,-,-,-,-,-,-,-,-,11.1,-,-
2021-07-14 5:30,24.3,24.3,24.2,-,-,-,-,-,-,-,-,-,99,99.1,99,-,-,-,-,-,-,-,-,-,23.8,23.8,23.8,-,-,-,-,-,-,-,-,-,-,-,-,-,-,-,-,-,-,-,-,-,0,-,-
2021-07-14 5:20,24.2,24.3,24.2,-,-,-,-,-,-,-,-,-,98.9,99,98.7,-,-,-,-,-,-,-,-,-,23.8,23.8,23.8,-,-,-,-,-,-,-,-,-,-,-,-,-,-,-,-,-,-,-,-,-,0,-,-
2021-07-14 5:10,24.2,24.3,24.2,-,-,-,-,-,-,-,-,-,98.4,98.8,98.2,-,-,-,-,-,-,-,-,-,23.7,23.8,23.7,-,-,-,-,-,-,-,-,-,-,-,-,-,-,-,-,-,-,-,-,-,0,-,-
2021-07-14 5:00,24.3,24.3,24.2,-,-,-,-,-,-,-,-,-,98.2,98.3,98.1,-,-,-,-,-,-,-,-,-,23.7,23.7,23.7,-,-,-,-,-,-,-,-,-,-,-,-,-,-,-,-,-,-,-,-,-,0,-,-
2021-07-14 4:50,24.3,24.3,24.3,-,-,-,-,-,-,-,-,-,98.4,98.5,98.4,-,-,-,-,-,-,-,-,-,23.7,23.8,23.7,-,-,-,-,-,-,-,-,-,-,-,-,-,-,-,-,-,-,-,-,-,0,-,-
2021-07-14 4:40,24.3,24.3,24.3,-,-,-,-,-,-,-,-,-,98.2,98.4,98,-,-,-,-,-,-,-,-,-,23.7,23.7,23.7,-,-,-,-,-,-,-,-,-,-,-,-,-,-,-,-,-,-,-,-,-,0,-,-
2021-07-14 4:30,24.4,24.4,24.3,-,-,-,-,-,-,-,-,-,98.2,98.6,97.9,-,-,-,-,-,-,-,-,-,23.7,23.8,23.7,-,-,-,-,-,-,-,-,-,-,-,-,-,-,-,-,-,-,-,-,-,0,-,-
2021-07-14 4:20,24.4,24.4,24.4,-,-,-,-,-,-,-,-,-,98.7,98.8,98.6,-,-,-,-,-,-,-,-,-,23.8,23.8,23.8,-,-,-,-,-,-,-,-,-,-,-,-,-,-,-,-,-,-,-,-,-,0,-,-
2021-07-14 4:10,24.4,24.4,24.4,-,-,-,-,-,-,-,-,-,99,99,98.8,-,-,-,-,-,-,-,-,-,23.8,23.8,23.8,-,-,-,-,-,-,-,-,-,-,-,-,-,-,-,-,-,-,-,-,-,0,-,-
2021-07-14 4:00,24.4,24.4,24.4,-,-,-,-,-,-,-,-,-,99.1,99.1,99,-,-,-,-,-,-,-,-,-,23.8,23.8,23.8,-,-,-,-,-,-,-,-,-,-,-,-,-,-,-,-,-,-,-,-,-,0,-,-
2021-07-14 3:50,24.4,24.4,24.4,-,-,-,-,-,-,-,-,-,98.9,99,98.7,-,-,-,-,-,-,-,-,-,23.8,23.8,23.8,-,-,-,-,-,-,-,-,-,-,-,-,-,-,-,-,-,-,-,-,-,0,-,-
2021-07-14 3:40,24.4,24.4,24.4,-,-,-,-,-,-,-,-,-,98.2,98.6,97.8,-,-,-,-,-,-,-,-,-,23.7,23.8,23.7,-,-,-,-,-,-,-,-,-,-,-,-,-,-,-,-,-,-,-,-,-,0,-,-
2021-07-14 3:30,24.4,24.5,24.4,-,-,-,-,-,-,-,-,-,98,98.3,97.8,-,-,-,-,-,-,-,-,-,23.9,24.7,23.7,-,-,-,-,-,-,-,-,-,-,-,-,-,-,-,-,-,-,-,-,-,0,-,-
2021-07-14 3:20,24.5,24.5,24.4,-,-,-,-,-,-,-,-,-,98.4,98.5,98.2,-,-,-,-,-,-,-,-,-,24.6,24.8,23.7,-,-,-,-,-,-,-,-,-,-,-,-,-,-,-,-,-,-,-,-,-,0,-,-
2021-07-14 3:10,24.5,24.5,24.4,-,-,-,-,-,-,-,-,-,97.8,98.1,97.7,-,-,-,-,-,-,-,-,-,24.3,24.7,23.7,-,-,-,-,-,-,-,-,-,-,-,-,-,-,-,-,-,-,-,-,-,0,-,-
2021-07-14 3:00,24.5,24.5,24.5,-,-,-,-,-,-,-,-,-,97.9,98.1,97.8,-,-,-,-,-,-,-,-,-,24.7,24.7,24.7,-,-,-,-,-,-,-,-,-,-,-,-,-,-,-,-,-,-,-,-,-,0,-,-
2021-07-14 2:50,24.5,24.5,24.5,-,-,-,-,-,-,-,-,-,98.1,98.2,98,-,-,-,-,-,-,-,-,-,24.7,24.7,24.7,-,-,-,-,-,-,-,-,-,-,-,-,-,-,-,-,-,-,-,-,-,0,-,-
2021-07-14 2:40,24.5,24.6,24.5,-,-,-,-,-,-,-,-,-,97.9,98,97.9,-,-,-,-,-,-,-,-,-,24.7,24.7,24.7,-,-,-,-,-,-,-,-,-,-,-,-,-,-,-,-,-,-,-,-,-,0,-,-
2021-07-14 2:30,24.6,24.6,24.5,-,-,-,-,-,-,-,-,-,97.7,97.8,97.6,-,-,-,-,-,-,-,-,-,24.7,24.7,24.7,-,-,-,-,-,-,-,-,-,-,-,-,-,-,-,-,-,-,-,-,-,0,-,-
2021-07-14 2:20,24.6,24.6,24.6,-,-,-,-,-,-,-,-,-,97.8,98.1,97.5,-,-,-,-,-,-,-,-,-,24.7,24.7,24.7,-,-,-,-,-,-,-,-,-,-,-,-,-,-,-,-,-,-,-,-,-,0,-,-
2021-07-14 2:10,24.6,24.7,24.6,-,-,-,-,-,-,-,-,-,97.6,97.8,97.2,-,-,-,-,-,-,-,-,-,24.6,24.7,24.5,-,-,-,-,-,-,-,-,-,-,-,-,-,-,-,-,-,-,-,-,-,0,-,-
2021-07-14 2:00,24.7,24.7,24.7,-,-,-,-,-,-,-,-,-,96.7,97,96.4,-,-,-,-,-,-,-,-,-,24.5,24.5,24.3,-,-,-,-,-,-,-,-,-,-,-,-,-,-,-,-,-,-,-,-,-,0,-,-
2021-07-14 1:50,24.8,24.8,24.7,-,-,-,-,-,-,-,-,-,96.2,96.3,96.2,-,-,-,-,-,-,-,-,-,24.3,24.3,24.3,-,-,-,-,-,-,-,-,-,-,-,-,-,-,-,-,-,-,-,-,-,0,-,-
2021-07-14 1:40,24.9,24.9,24.8,-,-,-,-,-,-,-,-,-,96.1,96.3,95.8,-,-,-,-,-,-,-,-,-,24.3,24.3,24.3,-,-,-,-,-,-,-,-,-,-,-,-,-,-,-,-,-,-,-,-,-,0,-,-
2021-07-14 1:30,25,25,24.9,-,-,-,-,-,-,-,-,-,95.9,96,95.9,-,-,-,-,-,-,-,-,-,24.3,24.3,24.3,-,-,-,-,-,-,-,-,-,-,-,-,-,-,-,-,-,-,-,-,-,0,-,-
2021-07-14 1:20,25.1,25.1,25.1,-,-,-,-,-,-,-,-,-,95.9,96.1,95.6,-,-,-,-,-,-,-,-,-,24.3,24.3,24.3,-,-,-,-,-,-,-,-,-,-,-,-,-,-,-,-,-,-,-,-,-,0,-,-
2021-07-14 1:10,25.2,25.3,25.2,-,-,-,-,-,-,-,-,-,95.3,95.5,95.1,-,-,-,-,-,-,-,-,-,24.1,24.3,24.1,-,-,-,-,-,-,-,-,-,-,-,-,-,-,-,-,-,-,-,-,-,0,-,-
2021-07-14 1:00,25.4,25.4,25.3,-,-,-,-,-,-,-,-,-,94.9,95.4,94.5,-,-,-,-,-,-,-,-,-,24.1,24.1,24.1,-,-,-,-,-,-,-,-,-,-,-,-,-,-,-,-,-,-,-,-,-,0,-,-
2021-07-14 0:50,25.5,25.6,25.4,-,-,-,-,-,-,-,-,-,94.3,94.4,94.2,-,-,-,-,-,-,-,-,-,24.9,25,24,-,-,-,-,-,-,-,-,-,-,-,-,-,-,-,-,-,-,-,-,-,0,-,-
2021-07-14 0:40,25.7,25.7,25.6,-,-,-,-,-,-,-,-,-,94.7,94.7,94.5,-,-,-,-,-,-,-,-,-,25.1,25.1,25.1,-,-,-,-,-,-,-,-,-,-,-,-,-,-,-,-,-,-,-,-,-,0,-,-
2021-07-14 0:30,25.8,25.8,25.7,-,-,-,-,-,-,-,-,-,94.1,94.5,93.7,-,-,-,-,-,-,-,-,-,25,25.1,25,-,-,-,-,-,-,-,-,-,-,-,-,-,-,-,-,-,-,-,-,-,0,-,-
2021-07-14 0:20,25.9,25.9,25.8,-,-,-,-,-,-,-,-,-,93.7,93.9,93.5,-,-,-,-,-,-,-,-,-,25,25,25,-,-,-,-,-,-,-,-,-,-,-,-,-,-,-,-,-,-,-,-,-,0,-,-
2021-07-14 0:10,26,26,25.9,-,-,-,-,-,-,-,-,-,93.3,93.5,93,-,-,-,-,-,-,-,-,-,24.9,25,24.8,-,-,-,-,-,-,-,-,-,-,-,-,-,-,-,-,-,-,-,-,-,0,-,-
2021-07-14 0:00,26.2,26.3,26.1,-,-,-,-,-,-,-,-,-,92.4,92.9,91.7,-,-,-,-,-,-,-,-,-,24.7,24.8,24.6,-,-,-,-,-,-,-,-,-,-,-,-,-,-,-,-,-,-,-,-,-,0,-,-
2021-07-13 23:50,26.4,26.5,26.3,-,-,-,-,-,-,-,-,-,90.7,91.4,90.3,-,-,-,-,-,-,-,-,-,24.6,25.2,24.2,-,-,-,-,-,-,-,-,-,-,-,-,-,-,-,-,-,-,-,-,-,0,-,-
2021-07-13 23:40,26.5,26.6,26.5,-,-,-,-,-,-,-,-,-,89.3,90,88.6,-,-,-,-,-,-,-,-,-,25.1,25.2,25,-,-,-,-,-,-,-,-,-,-,-,-,-,-,-,-,-,-,-,-,-,0,-,-
2021-07-13 23:30,26.6,26.6,26.6,-,-,-,-,-,-,-,-,-,88.6,89,88.3,-,-,-,-,-,-,-,-,-,24.9,25,24.8,-,-,-,-,-,-,-,-,-,-,-,-,-,-,-,-,-,-,-,-,-,0,-,-
2021-07-13 23:20,26.6,26.6,26.6,-,-,-,-,-,-,-,-,-,89,89.2,88.7,-,-,-,-,-,-,-,-,-,25,25,25,-,-,-,-,-,-,-,-,-,-,-,-,-,-,-,-,-,-,-,-,-,0,-,-
2021-07-13 23:10,26.5,26.6,26.4,-,-,-,-,-,-,-,-,-,88.8,89.5,88.1,-,-,-,-,-,-,-,-,-,24.9,25.2,23.9,-,-,-,-,-,-,-,-,-,-,-,-,-,-,-,-,-,-,-,-,-,0,-,-
2021-07-13 23:00,26.6,26.6,26.6,-,-,-,-,-,-,-,-,-,89.5,89.6,89.4,-,-,-,-,-,-,-,-,-,25.1,25.2,25,-,-,-,-,-,-,-,-,-,-,-,-,-,-,-,-,-,-,-,-,-,0,-,-
2021-07-13 22:50,26.6,26.6,26.6,-,-,-,-,-,-,-,-,-,89.1,89.6,88.6,-,-,-,-,-,-,-,-,-,25,25.2,25,-,-,-,-,-,-,-,-,-,-,-,-,-,-,-,-,-,-,-,-,-,0,-,-
2021-07-13 22:40,26.7,26.8,26.6,-,-,-,-,-,-,-,-,-,89.6,90.9,88.5,-,-,-,-,-,-,-,-,-,25.2,25.4,25,-,-,-,-,-,-,-,-,-,-,-,-,-,-,-,-,-,-,-,-,-,0,-,-
2021-07-13 22:30,26.9,26.9,26.8,-,-,-,-,-,-,-,-,-,89.8,90.5,89.1,-,-,-,-,-,-,-,-,-,25.2,25.4,25,-,-,-,-,-,-,-,-,-,-,-,-,-,-,-,-,-,-,-,-,-,0,-,-
2021-07-13 22:20,27,27.1,26.9,-,-,-,-,-,-,-,-,-,88.8,89.4,88.2,-,-,-,-,-,-,-,-,-,25,25,24.8,-,-,-,-,-,-,-,-,-,-,-,-,-,-,-,-,-,-,-,-,-,0,-,-
2021-07-13 22:10,27.4,27.5,27.2,-,-,-,-,-,-,-,-,-,88.6,89,87.9,-,-,-,-,-,-,-,-,-,25.2,25.8,24.8,-,-,-,-,-,-,-,-,-,-,-,-,-,-,-,-,-,-,-,-,-,0,-,-
2021-07-13 22:00,27.7,27.8,27.5,-,-,-,-,-,-,-,-,-,87,87.5,86.8,-,-,-,-,-,-,-,-,-,25.6,25.8,25.6,-,-,-,-,-,-,-,-,-,-,-,-,-,-,-,-,-,-,-,-,-,0,-,-
2021-07-13 21:50,27.9,28,27.8,-,-,-,-,-,-,-,-,-,86.3,86.7,85.9,-,-,-,-,-,-,-,-,-,25.5,25.6,25.4,-,-,-,-,-,-,-,-,-,-,-,-,-,-,-,-,-,-,-,-,-,0,-,-
2021-07-13 21:40,28,28.1,28,-,-,-,-,-,-,-,-,-,85.5,86.5,84.6,-,-,-,-,-,-,-,-,-,25.3,25.6,25.2,-,-,-,-,-,-,-,-,-,-,-,-,-,-,-,-,-,-,-,-,-,0,-,-
2021-07-13 21:30,28.2,28.2,28.1,-,-,-,-,-,-,-,-,-,85.9,86.5,84.6,-,-,-,-,-,-,-,-,-,25.4,25.6,25.2,-,-,-,-,-,-,-,-,-,-,-,-,-,-,-,-,-,-,-,-,-,0,-,-
2021-07-13 21:20,28.3,28.3,28.3,-,-,-,-,-,-,-,-,-,86.3,86.7,86.1,-,-,-,-,-,-,-,-,-,25.5,25.6,25.4,-,-,-,-,-,-,-,-,-,-,-,-,-,-,-,-,-,-,-,-,-,0,-,-
2021-07-13 21:10,28.4,28.4,28.3,-,-,-,-,-,-,-,-,-,85.4,86,85,-,-,-,-,-,-,-,-,-,25.3,25.4,25.2,-,-,-,-,-,-,-,-,-,-,-,-,-,-,-,-,-,-,-,-,-,0,-,-
2021-07-13 21:00,28.5,28.5,28.4,-,-,-,-,-,-,-,-,-,85.1,85.4,84.5,-,-,-,-,-,-,-,-,-,26,26.2,25.2,-,-,-,-,-,-,-,-,-,-,-,-,-,-,-,-,-,-,-,-,-,0,-,-
2021-07-13 20:50,28.6,28.7,28.5,-,-,-,-,-,-,-,-,-,84.5,84.9,84.1,-,-,-,-,-,-,-,-,-,26.1,26.2,26,-,-,-,-,-,-,-,-,-,-,-,-,-,-,-,-,-,-,-,-,-,0,-,-
2021-07-13 20:40,28.7,28.8,28.7,-,-,-,-,-,-,-,-,-,84.1,84.3,83.8,-,-,-,-,-,-,-,-,-,26,26,26,-,-,-,-,-,-,-,-,-,-,-,-,-,-,-,-,-,-,-,-,-,0,-,-
2021-07-13 20:30,28.9,28.9,28.8,-,-,-,-,-,-,-,-,-,83.4,84.1,83.1,-,-,-,-,-,-,-,-,-,25.9,26,25.8,-,-,-,-,-,-,-,-,-,-,-,-,-,-,-,-,-,-,-,-,-,0,-,-
2021-07-13 20:20,29.1,29.1,29,-,-,-,-,-,-,-,-,-,83,83.4,82.6,-,-,-,-,-,-,-,-,-,25.8,25.8,25.8,-,-,-,-,-,-,-,-,-,-,-,-,-,-,-,-,-,-,-,-,-,0,-,-
2021-07-13 20:10,29.2,29.3,29.2,-,-,-,-,-,-,-,-,-,82.1,82.7,81.8,-,-,-,-,-,-,-,-,-,25.6,25.8,25.6,-,-,-,-,-,-,-,-,-,-,-,-,-,-,-,-,-,-,-,-,-,0,-,-
2021-07-13 20:00,29.4,29.5,29.3,-,-,-,-,-,-,-,-,-,81.2,81.7,80.5,-,-,-,-,-,-,-,-,-,25.7,26.4,25.4,-,-,-,-,-,-,-,-,-,-,-,-,-,-,-,-,-,-,-,-,-,0,-,-
2021-07-13 19:40,29.9,30,29.9,-,-,-,-,-,-,-,-,-,79.3,79.6,78.7,-,-,-,-,-,-,-,-,-,26.1,26.2,26,-,-,-,-,-,-,-,-,-,-,-,-,-,-,-,-,-,-,-,-,-,0,-,-
2021-07-13 19:30,30.2,30.3,30.1,-,-,-,-,-,-,-,-,-,78.1,78.4,77.6,-,-,-,-,-,-,-,-,-,25.7,26,25.7,-,-,-,-,-,-,-,-,-,-,-,-,-,-,-,-,-,-,-,-,-,0,-,-
2021-07-13 19:20,30.4,30.6,30.3,-,-,-,-,-,-,-,-,-,77.5,78.4,76.9,-,-,-,-,-,-,-,-,-,26,26.5,25.5,-,-,-,-,-,-,-,-,-,-,-,-,-,-,-,-,-,-,-,-,-,0,-,-
2021-07-13 19:10,30.7,30.8,30.6,-,-,-,-,-,-,-,-,-,76.6,77.4,76,-,-,-,-,-,-,-,-,-,26.4,26.5,26.3,-,-,-,-,-,-,-,-,-,-,-,-,-,-,-,-,-,-,-,-,-,0,-,-
2021-07-13 19:00,31,31.1,30.9,-,-,-,-,-,-,-,-,-,75.6,75.9,75.2,-,-,-,-,-,-,-,-,-,26.2,26.3,26,-,-,-,-,-,-,-,-,-,-,-,-,-,-,-,-,-,-,-,-,-,25.8,-,-
2021-07-13 18:50,31.3,31.3,31.1,-,-,-,-,-,-,-,-,-,75.8,76.5,75.1,-,-,-,-,-,-,-,-,-,26.2,26.5,26,-,-,-,-,-,-,-,-,-,-,-,-,-,-,-,-,-,-,-,-,-,33.5,-,-
2021-07-13 18:40,31.5,31.6,31.4,-,-,-,-,-,-,-,-,-,75.3,75.9,74.2,-,-,-,-,-,-,-,-,-,26.9,27.2,26,-,-,-,-,-,-,-,-,-,-,-,-,-,-,-,-,-,-,-,-,-,47.2,-,-
2021-07-13 18:30,31.7,31.8,31.6,-,-,-,-,-,-,-,-,-,73.8,74.4,72.7,-,-,-,-,-,-,-,-,-,26.7,26.8,26.5,-,-,-,-,-,-,-,-,-,-,-,-,-,-,-,-,-,-,-,-,-,53.9,-,-
2021-07-13 18:20,32,32.2,31.8,-,-,-,-,-,-,-,-,-,73,73.7,71.9,-,-,-,-,-,-,-,-,-,26.6,26.8,26.3,-,-,-,-,-,-,-,-,-,-,-,-,-,-,-,-,-,-,-,-,-,52.9,-,-
2021-07-13 18:10,32.4,32.6,32.2,-,-,-,-,-,-,-,-,-,71.7,73.2,70.8,-,-,-,-,-,-,-,-,-,26.5,27,26.1,-,-,-,-,-,-,-,-,-,-,-,-,-,-,-,-,-,-,-,-,-,69.7,-,-
2021-07-13 18:00,32.7,32.8,32.6,-,-,-,-,-,-,-,-,-,71.7,72.4,71.1,-,-,-,-,-,-,-,-,-,27.2,27.3,27,-,-,-,-,-,-,-,-,-,-,-,-,-,-,-,-,-,-,-,-,-,79.9,-,-
2021-07-13 17:50,33.1,33.2,33,-,-,-,-,-,-,-,-,-,71.2,71.9,70.5,-,-,-,-,-,-,-,-,-,27.1,27.3,27,-,-,-,-,-,-,-,-,-,-,-,-,-,-,-,-,-,-,-,-,-,82.2,-,-
2021-07-13 17:40,33.2,33.3,33.2,-,-,-,-,-,-,-,-,-,69.5,70.7,68.6,-,-,-,-,-,-,-,-,-,26.7,27,26.5,-,-,-,-,-,-,-,-,-,-,-,-,-,-,-,-,-,-,-,-,-,85.7,-,-
2021-07-13 17:30,33.4,33.4,33.3,-,-,-,-,-,-,-,-,-,71.3,74,70.2,-,-,-,-,-,-,-,-,-,27.1,27.7,26.8,-,-,-,-,-,-,-,-,-,-,-,-,-,-,-,-,-,-,-,-,-,137.1,-,-
2021-07-13 17:20,33.4,33.4,33.4,-,-,-,-,-,-,-,-,-,70.2,70.6,69.4,-,-,-,-,-,-,-,-,-,26.8,27,26.5,-,-,-,-,-,-,-,-,-,-,-,-,-,-,-,-,-,-,-,-,-,262.6,-,-
2021-07-13 17:10,33.5,33.5,33.4,-,-,-,-,-,-,-,-,-,70.4,71,69.7,-,-,-,-,-,-,-,-,-,27.4,27.7,27,-,-,-,-,-,-,-,-,-,-,-,-,-,-,-,-,-,-,-,-,-,400.2,-,-
2021-07-13 17:00,33.6,33.6,33.6,-,-,-,-,-,-,-,-,-,67.8,69.8,66.2,-,-,-,-,-,-,-,-,-,27.1,27.7,26.7,-,-,-,-,-,-,-,-,-,-,-,-,-,-,-,-,-,-,-,-,-,408.5,-,-
2021-07-13 16:50,33.7,33.7,33.7,-,-,-,-,-,-,-,-,-,69,71.5,66.9,-,-,-,-,-,-,-,-,-,27.4,28.2,27,-,-,-,-,-,-,-,-,-,-,-,-,-,-,-,-,-,-,-,-,-,430.7,-,-
2021-07-13 16:40,33.8,33.8,33.7,-,-,-,-,-,-,-,-,-,68.1,70.6,66.6,-,-,-,-,-,-,-,-,-,27.4,28,27,-,-,-,-,-,-,-,-,-,-,-,-,-,-,-,-,-,-,-,-,-,254.4,-,-
2021-07-13 16:30,34.1,34.3,33.9,-,-,-,-,-,-,-,-,-,66.8,67.6,65.8,-,-,-,-,-,-,-,-,-,27,27.2,26.7,-,-,-,-,-,-,-,-,-,-,-,-,-,-,-,-,-,-,-,-,-,218.9,-,-
2021-07-13 16:20,34.4,34.6,34.4,-,-,-,-,-,-,-,-,-,64.9,68,62.3,-,-,-,-,-,-,-,-,-,26.7,27.7,25.7,-,-,-,-,-,-,-,-,-,-,-,-,-,-,-,-,-,-,-,-,-,450.6,-,-
2021-07-13 16:10,34.6,34.7,34.6,-,-,-,-,-,-,-,-,-,64.6,67.5,61.5,-,-,-,-,-,-,-,-,-,27.3,28.2,26.6,-,-,-,-,-,-,-,-,-,-,-,-,-,-,-,-,-,-,-,-,-,298,-,-
2021-07-13 16:00,34.8,34.9,34.7,-,-,-,-,-,-,-,-,-,65.2,68.2,61.6,-,-,-,-,-,-,-,-,-,27.5,28.2,26.6,-,-,-,-,-,-,-,-,-,-,-,-,-,-,-,-,-,-,-,-,-,122.9,-,-
2021-07-13 15:50,34.9,34.9,34.8,-,-,-,-,-,-,-,-,-,65.2,68.2,63.6,-,-,-,-,-,-,-,-,-,27.5,28.2,27.2,-,-,-,-,-,-,-,-,-,-,-,-,-,-,-,-,-,-,-,-,-,144.6,-,-
2021-07-13 15:40,34.7,34.8,34.6,-,-,-,-,-,-,-,-,-,65.7,68.9,62.6,-,-,-,-,-,-,-,-,-,27.6,28.4,26.9,-,-,-,-,-,-,-,-,-,-,-,-,-,-,-,-,-,-,-,-,-,187.7,-,-
2021-07-13 15:30,34.5,34.6,34.4,-,-,-,-,-,-,-,-,-,66.2,67.1,64.4,-,-,-,-,-,-,-,-,-,27.2,27.9,26.2,-,-,-,-,-,-,-,-,-,-,-,-,-,-,-,-,-,-,-,-,-,328.8,-,-
2021-07-13 15:20,34.5,34.7,34.3,-,-,-,-,-,-,-,-,-,64.4,65.9,63.3,-,-,-,-,-,-,-,-,-,26.8,27.4,26,-,-,-,-,-,-,-,-,-,-,-,-,-,-,-,-,-,-,-,-,-,322.2,-,-
2021-07-13 15:10,35.1,35.3,34.9,-,-,-,-,-,-,-,-,-,63.6,64.8,62.2,-,-,-,-,-,-,-,-,-,27.1,27.4,26.6,-,-,-,-,-,-,-,-,-,-,-,-,-,-,-,-,-,-,-,-,-,503.3,-,-
2021-07-13 15:00,35.3,35.3,35.2,-,-,-,-,-,-,-,-,-,64.5,67.1,60.1,-,-,-,-,-,-,-,-,-,27.3,27.9,26.1,-,-,-,-,-,-,-,-,-,-,-,-,-,-,-,-,-,-,-,-,-,751.5,-,-
2021-07-13 14:50,35.2,35.3,35.1,-,-,-,-,-,-,-,-,-,64.6,67.1,62.4,-,-,-,-,-,-,-,-,-,27.3,27.9,26.6,-,-,-,-,-,-,-,-,-,-,-,-,-,-,-,-,-,-,-,-,-,806.1,-,-
2021-07-13 14:40,35,35.1,34.9,-,-,-,-,-,-,-,-,-,63.4,65.9,60.1,-,-,-,-,-,-,-,-,-,27,27.7,26.1,-,-,-,-,-,-,-,-,-,-,-,-,-,-,-,-,-,-,-,-,-,739.3,-,-
2021-07-13 14:30,35.3,35.3,35.2,-,-,-,-,-,-,-,-,-,63.7,64.8,62.9,-,-,-,-,-,-,-,-,-,27.1,27.4,26.6,-,-,-,-,-,-,-,-,-,-,-,-,-,-,-,-,-,-,-,-,-,875.6,-,-
2021-07-13 14:20,35.1,35.2,35,-,-,-,-,-,-,-,-,-,62.8,66.2,60.9,-,-,-,-,-,-,-,-,-,26.8,27.7,26.3,-,-,-,-,-,-,-,-,-,-,-,-,-,-,-,-,-,-,-,-,-,791,-,-
2021-07-13 14:10,35.2,35.3,35.1,-,-,-,-,-,-,-,-,-,62.8,65.3,60.1,-,-,-,-,-,-,-,-,-,26.8,27.4,26.1,-,-,-,-,-,-,-,-,-,-,-,-,-,-,-,-,-,-,-,-,-,777.2,-,-
2021-07-13 14:00,35.1,35.1,35,-,-,-,-,-,-,-,-,-,63.2,65.9,59.7,-,-,-,-,-,-,-,-,-,27,27.7,26.1,-,-,-,-,-,-,-,-,-,-,-,-,-,-,-,-,-,-,-,-,-,862.5,-,-
2021-07-13 13:50,34.8,34.9,34.8,-,-,-,-,-,-,-,-,-,64.4,65.7,61.9,-,-,-,-,-,-,-,-,-,27.3,27.7,26.6,-,-,-,-,-,-,-,-,-,-,-,-,-,-,-,-,-,-,-,-,-,896.9,-,-
2021-07-13 13:40,34.7,34.7,34.6,-,-,-,-,-,-,-,-,-,63.9,64.8,62.8,-,-,-,-,-,-,-,-,-,27.2,27.4,26.9,-,-,-,-,-,-,-,-,-,-,-,-,-,-,-,-,-,-,-,-,-,795.3,-,-
2021-07-13 13:30,34.6,34.7,34.5,-,-,-,-,-,-,-,-,-,65.8,67.9,63.3,-,-,-,-,-,-,-,-,-,27.6,28.2,26.9,-,-,-,-,-,-,-,-,-,-,-,-,-,-,-,-,-,-,-,-,-,961.3,-,-
2021-07-13 13:20,34.2,34.4,34.1,-,-,-,-,-,-,-,-,-,67.8,68.3,66.8,-,-,-,-,-,-,-,-,-,27.1,27.2,27,-,-,-,-,-,-,-,-,-,-,-,-,-,-,-,-,-,-,-,-,-,865.6,-,-
2021-07-13 13:10,34.2,34.5,34.1,-,-,-,-,-,-,-,-,-,64.9,66.6,63.5,-,-,-,-,-,-,-,-,-,26.5,27.2,26.2,-,-,-,-,-,-,-,-,-,-,-,-,-,-,-,-,-,-,-,-,-,460.6,-,-
2021-07-13 13:00,34.8,34.9,34.6,-,-,-,-,-,-,-,-,-,63,65.4,61.9,-,-,-,-,-,-,-,-,-,26.9,27.4,26.6,-,-,-,-,-,-,-,-,-,-,-,-,-,-,-,-,-,-,-,-,-,699.4,-,-
2021-07-13 12:50,34.9,35.1,34.6,-,-,-,-,-,-,-,-,-,63.3,64.7,61.5,-,-,-,-,-,-,-,-,-,27.1,27.4,26.6,-,-,-,-,-,-,-,-,-,-,-,-,-,-,-,-,-,-,-,-,-,729.2,-,-
2021-07-13 12:40,34.8,35,34.6,-,-,-,-,-,-,-,-,-,64.9,66.3,63.6,-,-,-,-,-,-,-,-,-,27.4,27.7,27.2,-,-,-,-,-,-,-,-,-,-,-,-,-,-,-,-,-,-,-,-,-,810.1,-,-
2021-07-13 12:30,34.6,34.7,34.4,-,-,-,-,-,-,-,-,-,64.5,66,63,-,-,-,-,-,-,-,-,-,27.1,27.7,26,-,-,-,-,-,-,-,-,-,-,-,-,-,-,-,-,-,-,-,-,-,969,-,-
2021-07-13 12:20,34.2,34.2,34.1,-,-,-,-,-,-,-,-,-,65.3,67.1,63.5,-,-,-,-,-,-,-,-,-,26.6,27,26.2,-,-,-,-,-,-,-,-,-,-,-,-,-,-,-,-,-,-,-,-,-,968.4,-,-
2021-07-13 12:10,34,34.1,33.9,-,-,-,-,-,-,-,-,-,67,69.7,64.5,-,-,-,-,-,-,-,-,-,26.9,27.7,26.2,-,-,-,-,-,-,-,-,-,-,-,-,-,-,-,-,-,-,-,-,-,803.7,-,-
2021-07-13 12:00,33.9,34,33.8,-,-,-,-,-,-,-,-,-,67.1,68.2,65.2,-,-,-,-,-,-,-,-,-,27,27.2,26.5,-,-,-,-,-,-,-,-,-,-,-,-,-,-,-,-,-,-,-,-,-,745.8,-,-
2021-07-13 11:50,33.8,33.9,33.7,-,-,-,-,-,-,-,-,-,66.6,68.7,65.2,-,-,-,-,-,-,-,-,-,26.9,27.5,26.5,-,-,-,-,-,-,-,-,-,-,-,-,-,-,-,-,-,-,-,-,-,881.3,-,-
2021-07-13 11:40,33.6,33.7,33.5,-,-,-,-,-,-,-,-,-,67,68.2,65.1,-,-,-,-,-,-,-,-,-,26.9,27.2,26.5,-,-,-,-,-,-,-,-,-,-,-,-,-,-,-,-,-,-,-,-,-,761.2,-,-
2021-07-13 11:30,33.4,33.5,33.4,-,-,-,-,-,-,-,-,-,67.5,68.4,66.7,-,-,-,-,-,-,-,-,-,26.2,26.7,26,-,-,-,-,-,-,-,-,-,-,-,-,-,-,-,-,-,-,-,-,-,809.9,-,-
2021-07-13 11:20,33.3,33.4,33.1,-,-,-,-,-,-,-,-,-,69.8,71,67.1,-,-,-,-,-,-,-,-,-,26.8,27,26,-,-,-,-,-,-,-,-,-,-,-,-,-,-,-,-,-,-,-,-,-,907.2,-,-
2021-07-13 11:10,33,33.1,32.9,-,-,-,-,-,-,-,-,-,69.3,70.2,68.4,-,-,-,-,-,-,-,-,-,26.7,27,26.3,-,-,-,-,-,-,-,-,-,-,-,-,-,-,-,-,-,-,-,-,-,885,-,-
2021-07-13 11:00,32.8,32.9,32.8,-,-,-,-,-,-,-,-,-,70.3,72.6,68.8,-,-,-,-,-,-,-,-,-,26.8,27.5,26.5,-,-,-,-,-,-,-,-,-,-,-,-,-,-,-,-,-,-,-,-,-,771.7,-,-
2021-07-13 10:50,32.6,32.8,32.6,-,-,-,-,-,-,-,-,-,72.2,73.3,70.8,-,-,-,-,-,-,-,-,-,27.3,27.5,27,-,-,-,-,-,-,-,-,-,-,-,-,-,-,-,-,-,-,-,-,-,344.7,-,-
2021-07-13 10:40,32.3,32.4,32.2,-,-,-,-,-,-,-,-,-,74,74.2,73.8,-,-,-,-,-,-,-,-,-,26.8,26.8,26.8,-,-,-,-,-,-,-,-,-,-,-,-,-,-,-,-,-,-,-,-,-,186.1,-,-
2021-07-13 10:30,32,32.1,31.9,-,-,-,-,-,-,-,-,-,73.6,75.7,71.6,-,-,-,-,-,-,-,-,-,26.7,27.2,26.3,-,-,-,-,-,-,-,-,-,-,-,-,-,-,-,-,-,-,-,-,-,198.9,-,-
2021-07-13 10:20,31.6,31.8,31.5,-,-,-,-,-,-,-,-,-,75.1,76.4,73.5,-,-,-,-,-,-,-,-,-,27,27.2,26.8,-,-,-,-,-,-,-,-,-,-,-,-,-,-,-,-,-,-,-,-,-,208.3,-,-
2021-07-13 10:10,31.5,31.5,31.4,-,-,-,-,-,-,-,-,-,74.2,76,72.5,-,-,-,-,-,-,-,-,-,26.7,27.2,26.3,-,-,-,-,-,-,-,-,-,-,-,-,-,-,-,-,-,-,-,-,-,228.6,-,-
2021-07-13 10:00,31.2,31.4,31,-,-,-,-,-,-,-,-,-,75.5,76.7,74.2,-,-,-,-,-,-,-,-,-,26.2,26.5,25.8,-,-,-,-,-,-,-,-,-,-,-,-,-,-,-,-,-,-,-,-,-,190.4,-,-
2021-07-13 9:50,30.8,30.9,30.7,-,-,-,-,-,-,-,-,-,77.6,78.7,76,-,-,-,-,-,-,-,-,-,26.6,26.7,26.3,-,-,-,-,-,-,-,-,-,-,-,-,-,-,-,-,-,-,-,-,-,162.8,-,-
2021-07-13 9:40,30.6,30.6,30.6,-,-,-,-,-,-,-,-,-,78.1,79.6,76.6,-,-,-,-,-,-,-,-,-,26.6,26.7,26.5,-,-,-,-,-,-,-,-,-,-,-,-,-,-,-,-,-,-,-,-,-,184.3,-,-
2021-07-13 9:30,30.2,30.4,30.2,-,-,-,-,-,-,-,-,-,80.7,81.4,80.2,-,-,-,-,-,-,-,-,-,26.3,26.4,26.2,-,-,-,-,-,-,-,-,-,-,-,-,-,-,-,-,-,-,-,-,-,518.1,-,-
2021-07-13 9:20,30,30.1,29.9,-,-,-,-,-,-,-,-,-,81.2,82.2,80.1,-,-,-,-,-,-,-,-,-,26.4,26.6,26.2,-,-,-,-,-,-,-,-,-,-,-,-,-,-,-,-,-,-,-,-,-,529,-,-
2021-07-13 9:10,29.8,29.8,29.6,-,-,-,-,-,-,-,-,-,82.6,84.4,81.1,-,-,-,-,-,-,-,-,-,26.7,27,26.4,-,-,-,-,-,-,-,-,-,-,-,-,-,-,-,-,-,-,-,-,-,507.2,-,-
2021-07-13 9:00,29.5,29.7,29.3,-,-,-,-,-,-,-,-,-,83.9,85.8,82.1,-,-,-,-,-,-,-,-,-,26.7,27.2,26,-,-,-,-,-,-,-,-,-,-,-,-,-,-,-,-,-,-,-,-,-,566.1,-,-
2021-07-13 8:50,29,29.3,28.7,-,-,-,-,-,-,-,-,-,86.9,88.5,85.1,-,-,-,-,-,-,-,-,-,26.6,26.8,26.2,-,-,-,-,-,-,-,-,-,-,-,-,-,-,-,-,-,-,-,-,-,568.8,-,-
2021-07-13 8:40,28.4,28.7,28.1,-,-,-,-,-,-,-,-,-,88.4,89.8,87,-,-,-,-,-,-,-,-,-,26.3,26.8,25.8,-,-,-,-,-,-,-,-,-,-,-,-,-,-,-,-,-,-,-,-,-,592.9,-,-
2021-07-13 8:30,27.8,28.1,27.5,-,-,-,-,-,-,-,-,-,91.7,93.8,90.5,-,-,-,-,-,-,-,-,-,26.5,26.9,26.4,-,-,-,-,-,-,-,-,-,-,-,-,-,-,-,-,-,-,-,-,-,545.5,-,-
2021-07-13 8:20,27.2,27.4,27.1,-,-,-,-,-,-,-,-,-,92.4,93.6,91,-,-,-,-,-,-,-,-,-,25.7,25.8,25.4,-,-,-,-,-,-,-,-,-,-,-,-,-,-,-,-,-,-,-,-,-,519.7,-,-
2021-07-13 8:10,26.7,26.9,26.6,-,-,-,-,-,-,-,-,-,96.1,96.5,95.9,-,-,-,-,-,-,-,-,-,26.3,26.3,26.3,-,-,-,-,-,-,-,-,-,-,-,-,-,-,-,-,-,-,-,-,-,453.4,-,-
2021-07-13 8:00,26.1,26.1,26.1,-,-,-,-,-,-,-,-,-,97.8,97.9,97.7,-,-,-,-,-,-,-,-,-,25.7,25.7,25.7,-,-,-,-,-,-,-,-,-,-,-,-,-,-,-,-,-,-,-,-,-,274.9,-,-
2021-07-13 7:50,26,26.1,25.9,-,-,-,-,-,-,-,-,-,98.6,98.8,98,-,-,-,-,-,-,-,-,-,25.8,25.8,25.7,-,-,-,-,-,-,-,-,-,-,-,-,-,-,-,-,-,-,-,-,-,158.9,-,-
2021-07-13 7:40,25.8,25.9,25.7,-,-,-,-,-,-,-,-,-,99,99.1,98.8,-,-,-,-,-,-,-,-,-,25.8,25.8,25.8,-,-,-,-,-,-,-,-,-,-,-,-,-,-,-,-,-,-,-,-,-,123.6,-,-
2021-07-13 7:30,25.6,25.7,25.6,-,-,-,-,-,-,-,-,-,99.3,99.5,99,-,-,-,-,-,-,-,-,-,25.8,26,25.8,-,-,-,-,-,-,-,-,-,-,-,-,-,-,-,-,-,-,-,-,-,78.8,-,-
2021-07-13 7:20,25.5,25.6,25.4,-,-,-,-,-,-,-,-,-,99.7,100,99.5,-,-,-,-,-,-,-,-,-,25.6,26,25,-,-,-,-,-,-,-,-,-,-,-,-,-,-,-,-,-,-,-,-,-,112.7,-,-
2021-07-13 7:10,25.3,25.4,25.2,-,-,-,-,-,-,-,-,-,100,100,100,-,-,-,-,-,-,-,-,-,25,25,25,-,-,-,-,-,-,-,-,-,-,-,-,-,-,-,-,-,-,-,-,-,105.9,-,-
2021-07-13 7:00,25,25.1,24.9,-,-,-,-,-,-,-,-,-,100,100,100,-,-,-,-,-,-,-,-,-,25,25,25,-,-,-,-,-,-,-,-,-,-,-,-,-,-,-,-,-,-,-,-,-,105.2,-,-
2021-07-13 6:50,24.8,24.9,24.6,-,-,-,-,-,-,-,-,-,100,100,100,-,-,-,-,-,-,-,-,-,25,25,25,-,-,-,-,-,-,-,-,-,-,-,-,-,-,-,-,-,-,-,-,-,127.4,-,-
2021-07-13 6:40,24.5,24.6,24.4,-,-,-,-,-,-,-,-,-,100,100,100,-,-,-,-,-,-,-,-,-,24.8,25,24,-,-,-,-,-,-,-,-,-,-,-,-,-,-,-,-,-,-,-,-,-,78.3,-,-
2021-07-13 6:30,24.3,24.4,24.2,-,-,-,-,-,-,-,-,-,100,100,100,-,-,-,-,-,-,-,-,-,24,24,24,-,-,-,-,-,-,-,-,-,-,-,-,-,-,-,-,-,-,-,-,-,62.3,-,-
2021-07-13 6:20,24.1,24.2,24,-,-,-,-,-,-,-,-,-,100,100,100,-,-,-,-,-,-,-,-,-,24,24,24,-,-,-,-,-,-,-,-,-,-,-,-,-,-,-,-,-,-,-,-,-,56.4,-,-
2021-07-13 6:10,23.9,23.9,23.7,-,-,-,-,-,-,-,-,-,100,100,100,-,-,-,-,-,-,-,-,-,24,24,24,-,-,-,-,-,-,-,-,-,-,-,-,-,-,-,-,-,-,-,-,-,52.4,-,-
2021-07-13 6:00,23.6,23.7,23.5,-,-,-,-,-,-,-,-,-,100,100,100,-,-,-,-,-,-,-,-,-,24,24,24,-,-,-,-,-,-,-,-,-,-,-,-,-,-,-,-,-,-,-,-,-,41,-,-
2021-07-13 5:50,23.4,23.5,23.3,-,-,-,-,-,-,-,-,-,100,100,100,-,-,-,-,-,-,-,-,-,23.4,24,23,-,-,-,-,-,-,-,-,-,-,-,-,-,-,-,-,-,-,-,-,-,41.5,-,-
2021-07-13 5:40,23.2,23.3,23.1,-,-,-,-,-,-,-,-,-,100,100,100,-,-,-,-,-,-,-,-,-,23,23,23,-,-,-,-,-,-,-,-,-,-,-,-,-,-,-,-,-,-,-,-,-,33.6,-,-
2021-07-13 5:30,23,23.1,23,-,-,-,-,-,-,-,-,-,99.3,99.9,99.1,-,-,-,-,-,-,-,-,-,22.8,23,22.8,-,-,-,-,-,-,-,-,-,-,-,-,-,-,-,-,-,-,-,-,-,16.5,-,-
2021-07-13 5:20,23.1,23.1,23,-,-,-,-,-,-,-,-,-,99.1,99.2,99,-,-,-,-,-,-,-,-,-,22.8,22.8,22.8,-,-,-,-,-,-,-,-,-,-,-,-,-,-,-,-,-,-,-,-,-,0,-,-
2021-07-13 5:10,23.1,23.1,23.1,-,-,-,-,-,-,-,-,-,98.8,98.8,98.8,-,-,-,-,-,-,-,-,-,22.8,22.8,22.8,-,-,-,-,-,-,-,-,-,-,-,-,-,-,-,-,-,-,-,-,-,0,-,-
2021-07-13 5:00,23.2,23.2,23.2,-,-,-,-,-,-,-,-,-,98.9,98.9,98.9,-,-,-,-,-,-,-,-,-,22.8,22.8,22.8,-,-,-,-,-,-,-,-,-,-,-,-,-,-,-,-,-,-,-,-,-,0,-,-
2021-07-13 4:50,23.3,23.3,23.3,-,-,-,-,-,-,-,-,-,99.1,99.1,99.1,-,-,-,-,-,-,-,-,-,22.8,22.8,22.8,-,-,-,-,-,-,-,-,-,-,-,-,-,-,-,-,-,-,-,-,-,0,-,-
2021-07-13 4:40,23.4,23.4,23.4,-,-,-,-,-,-,-,-,-,99.7,99.7,99.7,-,-,-,-,-,-,-,-,-,23,23,23,-,-,-,-,-,-,-,-,-,-,-,-,-,-,-,-,-,-,-,-,-,0,-,-
2021-07-13 4:30,23.4,23.4,23.3,-,-,-,-,-,-,-,-,-,99.5,99.7,99.3,-,-,-,-,-,-,-,-,-,22.9,23,22.8,-,-,-,-,-,-,-,-,-,-,-,-,-,-,-,-,-,-,-,-,-,0,-,-
2021-07-13 4:20,23.4,23.4,23.3,-,-,-,-,-,-,-,-,-,99.2,99.2,99.1,-,-,-,-,-,-,-,-,-,22.8,22.8,22.8,-,-,-,-,-,-,-,-,-,-,-,-,-,-,-,-,-,-,-,-,-,0,-,-
2021-07-13 4:10,23.5,23.5,23.5,-,-,-,-,-,-,-,-,-,99.6,99.7,99.4,-,-,-,-,-,-,-,-,-,24,24,23.8,-,-,-,-,-,-,-,-,-,-,-,-,-,-,-,-,-,-,-,-,-,0,-,-
2021-07-13 4:00,23.5,23.5,23.5,-,-,-,-,-,-,-,-,-,99.9,100,99.8,-,-,-,-,-,-,-,-,-,24,24,24,-,-,-,-,-,-,-,-,-,-,-,-,-,-,-,-,-,-,-,-,-,0,-,-
2021-07-13 3:50,23.5,23.5,23.5,-,-,-,-,-,-,-,-,-,99.8,100,99.8,-,-,-,-,-,-,-,-,-,24,24,24,-,-,-,-,-,-,-,-,-,-,-,-,-,-,-,-,-,-,-,-,-,0,-,-
2021-07-13 3:40,23.5,23.5,23.5,-,-,-,-,-,-,-,-,-,99.5,99.6,99.3,-,-,-,-,-,-,-,-,-,23.9,24,23.8,-,-,-,-,-,-,-,-,-,-,-,-,-,-,-,-,-,-,-,-,-,0,-,-
2021-07-13 3:30,23.6,23.6,23.6,-,-,-,-,-,-,-,-,-,99.4,99.6,99.3,-,-,-,-,-,-,-,-,-,23.9,24,23.8,-,-,-,-,-,-,-,-,-,-,-,-,-,-,-,-,-,-,-,-,-,0,-,-
2021-07-13 3:20,23.6,23.7,23.6,-,-,-,-,-,-,-,-,-,99.6,99.7,99.4,-,-,-,-,-,-,-,-,-,23.9,24,23.8,-,-,-,-,-,-,-,-,-,-,-,-,-,-,-,-,-,-,-,-,-,0,-,-
2021-07-13 3:10,23.6,23.6,23.6,-,-,-,-,-,-,-,-,-,100,100,99.9,-,-,-,-,-,-,-,-,-,24,24,24,-,-,-,-,-,-,-,-,-,-,-,-,-,-,-,-,-,-,-,-,-,0,-,-
2021-07-13 3:00,23.6,23.6,23.6,-,-,-,-,-,-,-,-,-,100,100,99.9,-,-,-,-,-,-,-,-,-,24,24,24,-,-,-,-,-,-,-,-,-,-,-,-,-,-,-,-,-,-,-,-,-,0,-,-
2021-07-13 2:50,23.5,23.6,23.5,-,-,-,-,-,-,-,-,-,99.7,100,99.4,-,-,-,-,-,-,-,-,-,24,24,23.8,-,-,-,-,-,-,-,-,-,-,-,-,-,-,-,-,-,-,-,-,-,0,-,-
2021-07-13 2:40,23.5,23.6,23.5,-,-,-,-,-,-,-,-,-,99,99.5,98.8,-,-,-,-,-,-,-,-,-,23.8,24,23.8,-,-,-,-,-,-,-,-,-,-,-,-,-,-,-,-,-,-,-,-,-,0,-,-
2021-07-13 2:30,23.6,23.6,23.6,-,-,-,-,-,-,-,-,-,99.1,99.2,98.9,-,-,-,-,-,-,-,-,-,23.8,23.8,23.8,-,-,-,-,-,-,-,-,-,-,-,-,-,-,-,-,-,-,-,-,-,0,-,-
2021-07-13 2:20,23.6,23.6,23.6,-,-,-,-,-,-,-,-,-,99.2,99.3,99.2,-,-,-,-,-,-,-,-,-,23.8,23.8,23.8,-,-,-,-,-,-,-,-,-,-,-,-,-,-,-,-,-,-,-,-,-,0,-,-
2021-07-13 2:10,23.6,23.6,23.6,-,-,-,-,-,-,-,-,-,99.2,99.3,99.1,-,-,-,-,-,-,-,-,-,23.8,23.8,23.8,-,-,-,-,-,-,-,-,-,-,-,-,-,-,-,-,-,-,-,-,-,0,-,-
2021-07-13 2:00,23.7,23.7,23.6,-,-,-,-,-,-,-,-,-,99.3,99.5,99.2,-,-,-,-,-,-,-,-,-,23.8,24,23.8,-,-,-,-,-,-,-,-,-,-,-,-,-,-,-,-,-,-,-,-,-,0,-,-
2021-07-13 1:50,23.6,23.7,23.6,-,-,-,-,-,-,-,-,-,99.6,99.7,99.4,-,-,-,-,-,-,-,-,-,24,24,23.8,-,-,-,-,-,-,-,-,-,-,-,-,-,-,-,-,-,-,-,-,-,0,-,-
2021-07-13 1:40,23.6,23.6,23.6,-,-,-,-,-,-,-,-,-,99.1,99.3,99,-,-,-,-,-,-,-,-,-,23.8,23.8,23.8,-,-,-,-,-,-,-,-,-,-,-,-,-,-,-,-,-,-,-,-,-,0,-,-
2021-07-13 1:30,23.6,23.6,23.5,-,-,-,-,-,-,-,-,-,99,99.1,98.5,-,-,-,-,-,-,-,-,-,23.8,23.8,23.8,-,-,-,-,-,-,-,-,-,-,-,-,-,-,-,-,-,-,-,-,-,0,-,-
2021-07-13 1:20,23.5,23.6,23.5,-,-,-,-,-,-,-,-,-,97.9,98.3,97.6,-,-,-,-,-,-,-,-,-,23.7,23.7,23.7,-,-,-,-,-,-,-,-,-,-,-,-,-,-,-,-,-,-,-,-,-,0,-,-
2021-07-13 1:10,23.6,23.6,23.6,-,-,-,-,-,-,-,-,-,97.7,97.9,97.5,-,-,-,-,-,-,-,-,-,23.7,23.7,23.7,-,-,-,-,-,-,-,-,-,-,-,-,-,-,-,-,-,-,-,-,-,0,-,-
2021-07-13 1:00,23.7,23.7,23.6,-,-,-,-,-,-,-,-,-,97.9,98.2,97.8,-,-,-,-,-,-,-,-,-,23.7,23.7,23.7,-,-,-,-,-,-,-,-,-,-,-,-,-,-,-,-,-,-,-,-,-,0,-,-
2021-07-13 0:50,23.7,23.7,23.7,-,-,-,-,-,-,-,-,-,98.1,98.4,97.7,-,-,-,-,-,-,-,-,-,23.7,23.7,23.7,-,-,-,-,-,-,-,-,-,-,-,-,-,-,-,-,-,-,-,-,-,0,-,-
2021-07-13 0:40,23.8,23.8,23.7,-,-,-,-,-,-,-,-,-,97.8,97.9,97.7,-,-,-,-,-,-,-,-,-,23.7,23.7,23.7,-,-,-,-,-,-,-,-,-,-,-,-,-,-,-,-,-,-,-,-,-,0,-,-
2021-07-13 0:30,23.8,23.9,23.8,-,-,-,-,-,-,-,-,-,98,98.1,97.8,-,-,-,-,-,-,-,-,-,23.7,23.7,23.7,-,-,-,-,-,-,-,-,-,-,-,-,-,-,-,-,-,-,-,-,-,0,-,-
2021-07-13 0:20,23.9,23.9,23.9,-,-,-,-,-,-,-,-,-,98,98.3,97.6,-,-,-,-,-,-,-,-,-,23.7,23.7,23.7,-,-,-,-,-,-,-,-,-,-,-,-,-,-,-,-,-,-,-,-,-,0,-,-
2021-07-13 0:10,23.9,24,23.9,-,-,-,-,-,-,-,-,-,97.9,97.9,97.9,-,-,-,-,-,-,-,-,-,23.7,23.7,23.7,-,-,-,-,-,-,-,-,-,-,-,-,-,-,-,-,-,-,-,-,-,0,-,-
2021-07-13 0:00,24,24,24,-,-,-,-,-,-,-,-,-,97.9,98.1,97.8,-,-,-,-,-,-,-,-,-,23.7,23.7,23.7,-,-,-,-,-,-,-,-,-,-,-,-,-,-,-,-,-,-,-,-,-,0,-,-
2021-07-12 23:50,24,24,24,-,-,-,-,-,-,-,-,-,97.7,97.9,97.6,-,-,-,-,-,-,-,-,-,23.7,23.7,23.7,-,-,-,-,-,-,-,-,-,-,-,-,-,-,-,-,-,-,-,-,-,0,-,-
2021-07-12 23:40,24,24,23.9,-,-,-,-,-,-,-,-,-,97.2,97.4,97.1,-,-,-,-,-,-,-,-,-,23.5,23.5,23.5,-,-,-,-,-,-,-,-,-,-,-,-,-,-,-,-,-,-,-,-,-,0,-,-
2021-07-12 23:30,24,24,24,-,-,-,-,-,-,-,-,-,97,97.2,96.8,-,-,-,-,-,-,-,-,-,23.5,23.5,23.5,-,-,-,-,-,-,-,-,-,-,-,-,-,-,-,-,-,-,-,-,-,0,-,-
2021-07-12 23:20,24.1,24.1,24,-,-,-,-,-,-,-,-,-,96.9,97,96.7,-,-,-,-,-,-,-,-,-,23.5,23.5,23.5,-,-,-,-,-,-,-,-,-,-,-,-,-,-,-,-,-,-,-,-,-,0,-,-
2021-07-12 23:10,24.1,24.1,24.1,-,-,-,-,-,-,-,-,-,97,97.1,96.9,-,-,-,-,-,-,-,-,-,23.5,23.5,23.5,-,-,-,-,-,-,-,-,-,-,-,-,-,-,-,-,-,-,-,-,-,0,-,-
2021-07-12 23:00,24.1,24.1,24.1,-,-,-,-,-,-,-,-,-,97.6,97.6,97.6,-,-,-,-,-,-,-,-,-,23.7,23.7,23.7,-,-,-,-,-,-,-,-,-,-,-,-,-,-,-,-,-,-,-,-,-,0,-,-
2021-07-12 22:50,24.1,24.1,24.1,-,-,-,-,-,-,-,-,-,96.9,97.5,96.3,-,-,-,-,-,-,-,-,-,23.5,23.7,23.3,-,-,-,-,-,-,-,-,-,-,-,-,-,-,-,-,-,-,-,-,-,0,-,-
2021-07-12 22:40,24.1,24.2,24.1,-,-,-,-,-,-,-,-,-,96,96.1,95.9,-,-,-,-,-,-,-,-,-,23.3,23.3,23.3,-,-,-,-,-,-,-,-,-,-,-,-,-,-,-,-,-,-,-,-,-,0,-,-
2021-07-12 22:30,24.2,24.2,24.2,-,-,-,-,-,-,-,-,-,95.8,95.9,95.8,-,-,-,-,-,-,-,-,-,23.3,23.3,23.3,-,-,-,-,-,-,-,-,-,-,-,-,-,-,-,-,-,-,-,-,-,0,-,-
2021-07-12 22:20,24.2,24.3,24.2,-,-,-,-,-,-,-,-,-,95.5,95.9,94.8,-,-,-,-,-,-,-,-,-,23.2,23.3,23.2,-,-,-,-,-,-,-,-,-,-,-,-,-,-,-,-,-,-,-,-,-,0,-,-
2021-07-12 22:10,24.3,24.3,24.3,-,-,-,-,-,-,-,-,-,94.5,94.8,94.2,-,-,-,-,-,-,-,-,-,23.1,23.2,23,-,-,-,-,-,-,-,-,-,-,-,-,-,-,-,-,-,-,-,-,-,0,-,-
2021-07-12 22:00,24.4,24.5,24.3,-,-,-,-,-,-,-,-,-,93.9,94.1,93.7,-,-,-,-,-,-,-,-,-,23,23,23,-,-,-,-,-,-,-,-,-,-,-,-,-,-,-,-,-,-,-,-,-,0,-,-
2021-07-12 21:50,24.5,24.6,24.5,-,-,-,-,-,-,-,-,-,93.6,93.8,93.3,-,-,-,-,-,-,-,-,-,23.9,24,23.8,-,-,-,-,-,-,-,-,-,-,-,-,-,-,-,-,-,-,-,-,-,0,-,-
2021-07-12 21:40,24.6,24.7,24.6,-,-,-,-,-,-,-,-,-,93,93.3,92.9,-,-,-,-,-,-,-,-,-,23.8,23.8,23.8,-,-,-,-,-,-,-,-,-,-,-,-,-,-,-,-,-,-,-,-,-,0,-,-
2021-07-12 21:30,24.7,24.7,24.7,-,-,-,-,-,-,-,-,-,93,93.1,92.8,-,-,-,-,-,-,-,-,-,23.8,23.8,23.8,-,-,-,-,-,-,-,-,-,-,-,-,-,-,-,-,-,-,-,-,-,0,-,-
2021-07-12 21:20,24.8,24.8,24.7,-,-,-,-,-,-,-,-,-,92,92.5,91.4,-,-,-,-,-,-,-,-,-,23.6,23.8,23.4,-,-,-,-,-,-,-,-,-,-,-,-,-,-,-,-,-,-,-,-,-,0,-,-
2021-07-12 21:10,24.9,25,24.8,-,-,-,-,-,-,-,-,-,90.9,91.4,90.2,-,-,-,-,-,-,-,-,-,23.4,23.4,23.2,-,-,-,-,-,-,-,-,-,-,-,-,-,-,-,-,-,-,-,-,-,0,-,-
2021-07-12 21:00,25,25.1,25,-,-,-,-,-,-,-,-,-,90.6,90.9,90.1,-,-,-,-,-,-,-,-,-,23.3,23.4,23.2,-,-,-,-,-,-,-,-,-,-,-,-,-,-,-,-,-,-,-,-,-,0,-,-
2021-07-12 20:50,25.3,25.3,25.2,-,-,-,-,-,-,-,-,-,89.4,90,88.7,-,-,-,-,-,-,-,-,-,23.2,23.2,23.1,-,-,-,-,-,-,-,-,-,-,-,-,-,-,-,-,-,-,-,-,-,0,-,-
2021-07-12 20:40,25.4,25.5,25.4,-,-,-,-,-,-,-,-,-,88.1,88.3,87.9,-,-,-,-,-,-,-,-,-,23.2,23.9,22.9,-,-,-,-,-,-,-,-,-,-,-,-,-,-,-,-,-,-,-,-,-,0,-,-
2021-07-12 20:30,25.8,25.9,25.7,-,-,-,-,-,-,-,-,-,84.5,84.9,84,-,-,-,-,-,-,-,-,-,23.2,23.3,23.1,-,-,-,-,-,-,-,-,-,-,-,-,-,-,-,-,-,-,-,-,-,0,-,-
2021-07-12 20:20,26.2,26.3,26,-,-,-,-,-,-,-,-,-,84.6,85,84.1,-,-,-,-,-,-,-,-,-,23.3,23.3,23.1,-,-,-,-,-,-,-,-,-,-,-,-,-,-,-,-,-,-,-,-,-,0,-,-
2021-07-12 20:10,26.5,26.7,26.4,-,-,-,-,-,-,-,-,-,81.5,83.7,79.6,-,-,-,-,-,-,-,-,-,23.3,23.9,22.9,-,-,-,-,-,-,-,-,-,-,-,-,-,-,-,-,-,-,-,-,-,0,-,-
2021-07-12 20:00,27,27.1,26.9,-,-,-,-,-,-,-,-,-,79,79.1,78.9,-,-,-,-,-,-,-,-,-,23.1,23.1,23.1,-,-,-,-,-,-,-,-,-,-,-,-,-,-,-,-,-,-,-,-,-,0,-,-
2021-07-12 19:50,27.4,27.5,27.3,-,-,-,-,-,-,-,-,-,77.3,78.2,76.4,-,-,-,-,-,-,-,-,-,23.1,23.4,22.8,-,-,-,-,-,-,-,-,-,-,-,-,-,-,-,-,-,-,-,-,-,0,-,-
2021-07-12 19:40,27.7,27.8,27.6,-,-,-,-,-,-,-,-,-,75.1,76.4,74.4,-,-,-,-,-,-,-,-,-,23.2,23.4,22.9,-,-,-,-,-,-,-,-,-,-,-,-,-,-,-,-,-,-,-,-,-,0,-,-
2021-07-12 19:30,27.9,28,27.9,-,-,-,-,-,-,-,-,-,70.4,70.9,69.6,-,-,-,-,-,-,-,-,-,22.1,22.3,21.8,-,-,-,-,-,-,-,-,-,-,-,-,-,-,-,-,-,-,-,-,-,0,-,-
2021-07-12 19:20,28.3,28.5,28.1,-,-,-,-,-,-,-,-,-,70.5,71.4,68.5,-,-,-,-,-,-,-,-,-,22.3,22.7,21.8,-,-,-,-,-,-,-,-,-,-,-,-,-,-,-,-,-,-,-,-,-,0,-,-
2021-07-12 19:10,28.6,28.6,28.5,-,-,-,-,-,-,-,-,-,69.8,70.9,68.3,-,-,-,-,-,-,-,-,-,22.9,23.2,22.5,-,-,-,-,-,-,-,-,-,-,-,-,-,-,-,-,-,-,-,-,-,0,-,-
2021-07-12 19:00,29,29,29,-,-,-,-,-,-,-,-,-,68.2,68.2,68.2,-,-,-,-,-,-,-,-,-,22.5,22.5,22.5,-,-,-,-,-,-,-,-,-,-,-,-,-,-,-,-,-,-,-,-,-,0,-,-
2021-07-12 18:50,29.4,29.4,29.3,-,-,-,-,-,-,-,-,-,66.9,67.6,66.4,-,-,-,-,-,-,-,-,-,22.3,22.5,22,-,-,-,-,-,-,-,-,-,-,-,-,-,-,-,-,-,-,-,-,-,0,-,-
2021-07-12 18:40,29.9,30.4,29.5,-,-,-,-,-,-,-,-,-,66.2,67.1,65.7,-,-,-,-,-,-,-,-,-,23.1,23.2,23,-,-,-,-,-,-,-,-,-,-,-,-,-,-,-,-,-,-,-,-,-,0,-,-
2021-07-12 18:30,31,31.4,30.5,-,-,-,-,-,-,-,-,-,70,73.7,66.2,-,-,-,-,-,-,-,-,-,24.9,25.8,23.9,-,-,-,-,-,-,-,-,-,-,-,-,-,-,-,-,-,-,-,-,-,0,-,-
2021-07-12 18:20,31.9,32.1,31.5,-,-,-,-,-,-,-,-,-,76.6,77.9,74.4,-,-,-,-,-,-,-,-,-,27.3,27.7,26.8,-,-,-,-,-,-,-,-,-,-,-,-,-,-,-,-,-,-,-,-,-,23.6,-,-
2021-07-12 18:10,32.3,32.5,32.2,-,-,-,-,-,-,-,-,-,75.7,78.2,72.8,-,-,-,-,-,-,-,-,-,27.4,28.4,26.5,-,-,-,-,-,-,-,-,-,-,-,-,-,-,-,-,-,-,-,-,-,78.7,-,-
2021-07-12 18:00,32.5,32.5,32.5,-,-,-,-,-,-,-,-,-,73.7,76.1,70.7,-,-,-,-,-,-,-,-,-,27.7,28.2,27,-,-,-,-,-,-,-,-,-,-,-,-,-,-,-,-,-,-,-,-,-,88,-,-
2021-07-12 17:50,32.7,32.8,32.6,-,-,-,-,-,-,-,-,-,72.2,74.3,70.5,-,-,-,-,-,-,-,-,-,27.4,27.7,27,-,-,-,-,-,-,-,-,-,-,-,-,-,-,-,-,-,-,-,-,-,85.9,-,-
2021-07-12 17:40,32.9,33,32.8,-,-,-,-,-,-,-,-,-,70.8,72.2,69.7,-,-,-,-,-,-,-,-,-,27,27.3,26.8,-,-,-,-,-,-,-,-,-,-,-,-,-,-,-,-,-,-,-,-,-,90.7,-,-
2021-07-12 17:30,33,33,32.9,-,-,-,-,-,-,-,-,-,72.7,75,69,-,-,-,-,-,-,-,-,-,27.5,28,26.5,-,-,-,-,-,-,-,-,-,-,-,-,-,-,-,-,-,-,-,-,-,108.2,-,-
2021-07-12 17:20,33,33,32.9,-,-,-,-,-,-,-,-,-,71.2,75.2,68.5,-,-,-,-,-,-,-,-,-,27.1,28,26.5,-,-,-,-,-,-,-,-,-,-,-,-,-,-,-,-,-,-,-,-,-,249.5,-,-
2021-07-12 17:10,33,33,32.9,-,-,-,-,-,-,-,-,-,69.6,71.2,67,-,-,-,-,-,-,-,-,-,26.7,27,26,-,-,-,-,-,-,-,-,-,-,-,-,-,-,-,-,-,-,-,-,-,296.6,-,-
2021-07-12 17:00,32.9,32.9,32.9,-,-,-,-,-,-,-,-,-,71.4,73.8,67.4,-,-,-,-,-,-,-,-,-,27.2,27.7,26,-,-,-,-,-,-,-,-,-,-,-,-,-,-,-,-,-,-,-,-,-,362.3,-,-
2021-07-12 16:50,33,33.2,32.9,-,-,-,-,-,-,-,-,-,71.1,73.9,67.9,-,-,-,-,-,-,-,-,-,27,27.7,26.3,-,-,-,-,-,-,-,-,-,-,-,-,-,-,-,-,-,-,-,-,-,181,-,-
2021-07-12 16:40,33.3,33.4,33.2,-,-,-,-,-,-,-,-,-,70.3,71.2,70,-,-,-,-,-,-,-,-,-,26.8,27,26.8,-,-,-,-,-,-,-,-,-,-,-,-,-,-,-,-,-,-,-,-,-,183,-,-
2021-07-12 16:30,33.6,33.7,33.4,-,-,-,-,-,-,-,-,-,68.8,70.5,66.6,-,-,-,-,-,-,-,-,-,27.4,27.7,27,-,-,-,-,-,-,-,-,-,-,-,-,-,-,-,-,-,-,-,-,-,215.3,-,-
2021-07-12 16:20,33.9,34,33.7,-,-,-,-,-,-,-,-,-,68,69.7,66.2,-,-,-,-,-,-,-,-,-,27.2,27.7,26.7,-,-,-,-,-,-,-,-,-,-,-,-,-,-,-,-,-,-,-,-,-,253.4,-,-
2021-07-12 16:10,33.8,33.9,33.7,-,-,-,-,-,-,-,-,-,71,72.8,67.7,-,-,-,-,-,-,-,-,-,28,28.5,27.2,-,-,-,-,-,-,-,-,-,-,-,-,-,-,-,-,-,-,-,-,-,379.9,-,-
2021-07-12 16:00,33.5,33.7,33.4,-,-,-,-,-,-,-,-,-,69.8,73.4,66.6,-,-,-,-,-,-,-,-,-,27.2,28,26,-,-,-,-,-,-,-,-,-,-,-,-,-,-,-,-,-,-,-,-,-,241.8,-,-
2021-07-12 15:50,33.4,33.4,33.4,-,-,-,-,-,-,-,-,-,69.4,70.1,67.8,-,-,-,-,-,-,-,-,-,26.7,26.8,26.3,-,-,-,-,-,-,-,-,-,-,-,-,-,-,-,-,-,-,-,-,-,230.1,-,-
2021-07-12 15:40,33.7,33.8,33.6,-,-,-,-,-,-,-,-,-,68.5,71.3,64.9,-,-,-,-,-,-,-,-,-,27.4,28,26.7,-,-,-,-,-,-,-,-,-,-,-,-,-,-,-,-,-,-,-,-,-,245.2,-,-
2021-07-12 15:30,33.6,33.6,33.6,-,-,-,-,-,-,-,-,-,69.6,70.1,69,-,-,-,-,-,-,-,-,-,27.6,27.7,27.5,-,-,-,-,-,-,-,-,-,-,-,-,-,-,-,-,-,-,-,-,-,251.2,-,-
2021-07-12 15:20,34.3,34.3,34.3,-,-,-,-,-,-,-,-,-,67.3,67.3,67.3,-,-,-,-,-,-,-,-,-,27,27,27,-,-,-,-,-,-,-,-,-,-,-,-,-,-,-,-,-,-,-,-,-,212.1,-,-
2021-07-12 15:10,34.8,35.1,34.5,-,-,-,-,-,-,-,-,-,67,68.2,66,-,-,-,-,-,-,-,-,-,27.9,28.2,27.7,-,-,-,-,-,-,-,-,-,-,-,-,-,-,-,-,-,-,-,-,-,224.7,-,-
2021-07-12 15:00,35.2,35.3,35.2,-,-,-,-,-,-,-,-,-,64.9,66,63.5,-,-,-,-,-,-,-,-,-,27.4,27.7,27.2,-,-,-,-,-,-,-,-,-,-,-,-,-,-,-,-,-,-,-,-,-,272,-,-
2021-07-12 14:50,35.4,35.4,35.3,-,-,-,-,-,-,-,-,-,63.5,64.9,61.4,-,-,-,-,-,-,-,-,-,27,27.4,26.3,-,-,-,-,-,-,-,-,-,-,-,-,-,-,-,-,-,-,-,-,-,698.3,-,-
2021-07-12 14:40,35.4,35.4,35.3,-,-,-,-,-,-,-,-,-,62.8,65,60.9,-,-,-,-,-,-,-,-,-,26.8,27.4,26.3,-,-,-,-,-,-,-,-,-,-,-,-,-,-,-,-,-,-,-,-,-,640,-,-
2021-07-12 14:30,35.3,35.4,35.2,-,-,-,-,-,-,-,-,-,65,67.8,61.7,-,-,-,-,-,-,-,-,-,27.4,28.2,26.6,-,-,-,-,-,-,-,-,-,-,-,-,-,-,-,-,-,-,-,-,-,714,-,-
2021-07-12 14:20,35.4,35.5,35.3,-,-,-,-,-,-,-,-,-,62.7,65,60.6,-,-,-,-,-,-,-,-,-,27.2,28.1,26.3,-,-,-,-,-,-,-,-,-,-,-,-,-,-,-,-,-,-,-,-,-,588.8,-,-
2021-07-12 14:10,35.4,35.5,35.3,-,-,-,-,-,-,-,-,-,63,64.7,61.1,-,-,-,-,-,-,-,-,-,27.1,27.8,26.3,-,-,-,-,-,-,-,-,-,-,-,-,-,-,-,-,-,-,-,-,-,784.6,-,-
2021-07-12 14:00,35.2,35.3,35.1,-,-,-,-,-,-,-,-,-,65.8,68.6,62,-,-,-,-,-,-,-,-,-,27.7,28.4,26.6,-,-,-,-,-,-,-,-,-,-,-,-,-,-,-,-,-,-,-,-,-,797.9,-,-
2021-07-12 13:50,35.3,35.4,35.1,-,-,-,-,-,-,-,-,-,65.3,68.8,61.3,-,-,-,-,-,-,-,-,-,27.5,28.4,26.6,-,-,-,-,-,-,-,-,-,-,-,-,-,-,-,-,-,-,-,-,-,548.1,-,-
2021-07-12 13:40,35.6,35.6,35.5,-,-,-,-,-,-,-,-,-,64.3,65.9,62.3,-,-,-,-,-,-,-,-,-,28.2,28.6,27.6,-,-,-,-,-,-,-,-,-,-,-,-,-,-,-,-,-,-,-,-,-,786.8,-,-
2021-07-12 13:30,35.3,35.4,35.1,-,-,-,-,-,-,-,-,-,64.5,66,61,-,-,-,-,-,-,-,-,-,27.3,27.7,26.3,-,-,-,-,-,-,-,-,-,-,-,-,-,-,-,-,-,-,-,-,-,836,-,-
2021-07-12 13:20,35.3,35.3,35.1,-,-,-,-,-,-,-,-,-,62.1,64.3,59.2,-,-,-,-,-,-,-,-,-,26.7,27.2,25.8,-,-,-,-,-,-,-,-,-,-,-,-,-,-,-,-,-,-,-,-,-,714.8,-,-
2021-07-12 13:10,35.2,35.3,35.1,-,-,-,-,-,-,-,-,-,64.5,66.9,62.7,-,-,-,-,-,-,-,-,-,27.3,27.9,26.9,-,-,-,-,-,-,-,-,-,-,-,-,-,-,-,-,-,-,-,-,-,891.2,-,-
2021-07-12 13:00,35,35.2,34.9,-,-,-,-,-,-,-,-,-,64.8,67.2,63,-,-,-,-,-,-,-,-,-,27.4,27.9,26.9,-,-,-,-,-,-,-,-,-,-,-,-,-,-,-,-,-,-,-,-,-,898.6,-,-
2021-07-12 12:50,35.1,35.2,35,-,-,-,-,-,-,-,-,-,64.2,66.6,62.6,-,-,-,-,-,-,-,-,-,27.3,27.7,26.9,-,-,-,-,-,-,-,-,-,-,-,-,-,-,-,-,-,-,-,-,-,884.7,-,-
2021-07-12 12:40,34.8,35,34.7,-,-,-,-,-,-,-,-,-,65.3,68.7,62.9,-,-,-,-,-,-,-,-,-,27.5,28.4,26.9,-,-,-,-,-,-,-,-,-,-,-,-,-,-,-,-,-,-,-,-,-,884,-,-
2021-07-12 12:30,34.7,34.7,34.6,-,-,-,-,-,-,-,-,-,66.8,68.7,64.2,-,-,-,-,-,-,-,-,-,27.9,28.4,27.2,-,-,-,-,-,-,-,-,-,-,-,-,-,-,-,-,-,-,-,-,-,771.8,-,-
2021-07-12 12:20,34.5,34.6,34.4,-,-,-,-,-,-,-,-,-,67.5,69.3,64.4,-,-,-,-,-,-,-,-,-,27.8,28.4,27,-,-,-,-,-,-,-,-,-,-,-,-,-,-,-,-,-,-,-,-,-,867.8,-,-
2021-07-12 12:10,34.3,34.3,34.2,-,-,-,-,-,-,-,-,-,68.2,70.2,65.9,-,-,-,-,-,-,-,-,-,27.3,27.7,26.7,-,-,-,-,-,-,-,-,-,-,-,-,-,-,-,-,-,-,-,-,-,903.9,-,-
2021-07-12 12:00,34,34.2,33.9,-,-,-,-,-,-,-,-,-,68.2,69.6,66.3,-,-,-,-,-,-,-,-,-,27.3,27.7,26.7,-,-,-,-,-,-,-,-,-,-,-,-,-,-,-,-,-,-,-,-,-,672.9,-,-
2021-07-12 11:50,33.8,34,33.6,-,-,-,-,-,-,-,-,-,70,70.1,69.9,-,-,-,-,-,-,-,-,-,27.7,27.7,27.7,-,-,-,-,-,-,-,-,-,-,-,-,-,-,-,-,-,-,-,-,-,376.6,-,-
2021-07-12 11:40,33.4,33.6,33.2,-,-,-,-,-,-,-,-,-,73.1,74.9,71,-,-,-,-,-,-,-,-,-,27.9,28.5,27.3,-,-,-,-,-,-,-,-,-,-,-,-,-,-,-,-,-,-,-,-,-,824.2,-,-
2021-07-12 11:30,33.2,33.2,33.2,-,-,-,-,-,-,-,-,-,72.5,73.1,71.9,-,-,-,-,-,-,-,-,-,27.4,27.5,27.3,-,-,-,-,-,-,-,-,-,-,-,-,-,-,-,-,-,-,-,-,-,834.6,-,-
2021-07-12 11:20,33.5,33.7,33.2,-,-,-,-,-,-,-,-,-,71.8,73.9,68.1,-,-,-,-,-,-,-,-,-,27.8,29.1,26.8,-,-,-,-,-,-,-,-,-,-,-,-,-,-,-,-,-,-,-,-,-,856.7,-,-
2021-07-12 11:10,33.6,33.7,33.5,-,-,-,-,-,-,-,-,-,70.3,73.7,67.7,-,-,-,-,-,-,-,-,-,27.8,28.7,27.2,-,-,-,-,-,-,-,-,-,-,-,-,-,-,-,-,-,-,-,-,-,877.3,-,-
2021-07-12 10:40,32.4,32.5,32.3,-,-,-,-,-,-,-,-,-,74.3,75.5,73.2,-,-,-,-,-,-,-,-,-,27.2,28,26.8,-,-,-,-,-,-,-,-,-,-,-,-,-,-,-,-,-,-,-,-,-,199.7,-,-
2021-07-12 10:30,32.1,32.2,31.9,-,-,-,-,-,-,-,-,-,75.6,78,73.5,-,-,-,-,-,-,-,-,-,27.1,27.7,26.8,-,-,-,-,-,-,-,-,-,-,-,-,-,-,-,-,-,-,-,-,-,190.4,-,-
2021-07-12 10:20,31.7,31.9,31.5,-,-,-,-,-,-,-,-,-,75.6,76.1,74.9,-,-,-,-,-,-,-,-,-,27.2,27.2,27,-,-,-,-,-,-,-,-,-,-,-,-,-,-,-,-,-,-,-,-,-,174.9,-,-
2021-07-12 10:10,31.2,31.5,30.9,-,-,-,-,-,-,-,-,-,78.9,80.6,77.1,-,-,-,-,-,-,-,-,-,27.1,27.4,26.9,-,-,-,-,-,-,-,-,-,-,-,-,-,-,-,-,-,-,-,-,-,180.4,-,-
2021-07-12 10:00,30.6,30.6,30.5,-,-,-,-,-,-,-,-,-,78.8,79.9,77.7,-,-,-,-,-,-,-,-,-,27,27.3,26.7,-,-,-,-,-,-,-,-,-,-,-,-,-,-,-,-,-,-,-,-,-,179,-,-
2021-07-12 9:50,30.3,30.4,30.2,-,-,-,-,-,-,-,-,-,81.3,82.4,80,-,-,-,-,-,-,-,-,-,26.5,26.6,26.2,-,-,-,-,-,-,-,-,-,-,-,-,-,-,-,-,-,-,-,-,-,180.4,-,-
2021-07-12 9:40,30,30.1,29.8,-,-,-,-,-,-,-,-,-,83.3,84.5,81.9,-,-,-,-,-,-,-,-,-,26.9,27.2,26.6,-,-,-,-,-,-,-,-,-,-,-,-,-,-,-,-,-,-,-,-,-,232.5,-,-
2021-07-12 9:30,29.5,29.6,29.4,-,-,-,-,-,-,-,-,-,81.7,84,80.2,-,-,-,-,-,-,-,-,-,26.4,27,25.4,-,-,-,-,-,-,-,-,-,-,-,-,-,-,-,-,-,-,-,-,-,546.6,-,-
2021-07-12 9:20,29.4,29.5,29.4,-,-,-,-,-,-,-,-,-,82.5,84.5,80.5,-,-,-,-,-,-,-,-,-,26.1,26.4,25.6,-,-,-,-,-,-,-,-,-,-,-,-,-,-,-,-,-,-,-,-,-,408.9,-,-
